{
  "users": {
    "62858156631709@s.whatsapp.net": {
      "limit": 15,
      "lastChat": 1691704594528,
      "premium": true,
      "VIP": true,
      "name": "Saya Dika 2",
      "banned": false
    },
    "6288292024190@s.whatsapp.net": {
      "limit": 15,
      "lastChat": 1691704675873,
      "premium": true,
      "VIP": true,
      "name": "Saya Dika",
      "banned": false
    },
    "573113160879@s.whatsapp.net": {
      "limit": 15,
      "lastChat": 1723897946055,
      "premium": true,
      "VIP": true,
      "banned": false,
      "name": ""
    },
    "573507512058@s.whatsapp.net": {
      "limit": 15,
      "lastChat": 1723898268297,
      "premium": false,
      "VIP": false,
      "name": "nigga",
      "banned": false
    },
    "50371959893@s.whatsapp.net": {
      "limit": 15,
      "lastChat": 1723901203378,
      "premium": false,
      "VIP": false,
      "name": "Æ",
      "banned": false
    },
    "": {
      "limit": 15,
      "lastChat": 1723901203759,
      "premium": false,
      "VIP": false,
      "name": "",
      "banned": false
    },
    "573028422696@s.whatsapp.net": {
      "limit": 15,
      "lastChat": 1723905435145,
      "premium": false,
      "VIP": false,
      "name": "Alex López",
      "banned": false
    },
    "573197926336@s.whatsapp.net": {
      "limit": 15,
      "lastChat": 1723906579440,
      "premium": false,
      "VIP": false,
      "name": "Peterbot",
      "banned": false
    },
    "573148855037@s.whatsapp.net": {
      "limit": 15,
      "lastChat": 1723926954439,
      "premium": false,
      "VIP": false,
      "name": "~Juancho",
      "banned": false
    },
    "573249232564@s.whatsapp.net": {
      "limit": 15,
      "lastChat": 1723934072048,
      "premium": false,
      "VIP": false,
      "name": "Lui",
      "banned": false
    },
    "573233587324@s.whatsapp.net": {
      "limit": 15,
      "lastChat": 1723934181395,
      "premium": false,
      "VIP": false,
      "name": ".",
      "banned": false
    },
    "573178166037@s.whatsapp.net": {
      "limit": 15,
      "lastChat": 1723934252617,
      "premium": false,
      "VIP": false,
      "name": "Adrian Cortez",
      "banned": false
    },
    "5493516343558@s.whatsapp.net": {
      "limit": 15,
      "lastChat": 1723939518894,
      "premium": false,
      "VIP": false,
      "name": "joak1",
      "banned": false
    },
    "34677691009@s.whatsapp.net": {
      "limit": 15,
      "lastChat": 1723939520649,
      "premium": false,
      "VIP": false,
      "name": "K",
      "banned": false
    },
    "51987851462@s.whatsapp.net": {
      "limit": 15,
      "lastChat": 1723939533761,
      "premium": false,
      "VIP": false,
      "name": "☕︎♫︎Dan♪𓆉︎☯︎",
      "banned": false
    },
    "5492241470734@s.whatsapp.net": {
      "limit": 15,
      "lastChat": 1723939534106,
      "premium": false,
      "VIP": false,
      "name": "Ese✌️👽",
      "banned": false
    },
    "56998881909@s.whatsapp.net": {
      "limit": 15,
      "lastChat": 1723939594139,
      "premium": false,
      "VIP": false,
      "name": "Trufa",
      "banned": false
    },
    "12092920266@s.whatsapp.net": {
      "limit": 15,
      "lastChat": 1723939943587,
      "premium": false,
      "VIP": false,
      "name": "Bailarina77",
      "banned": false
    },
    "18299609229@s.whatsapp.net": {
      "limit": 15,
      "lastChat": 1723939948708,
      "premium": false,
      "VIP": false,
      "name": "Angel",
      "banned": false
    },
    "573014692986@s.whatsapp.net": {
      "limit": 15,
      "lastChat": 1723939964279,
      "premium": false,
      "VIP": false,
      "name": "Nacho",
      "banned": false
    },
    "18096053468@s.whatsapp.net": {
      "limit": 15,
      "lastChat": 1723939974674,
      "premium": false,
      "VIP": false,
      "name": "~Sma~",
      "banned": false
    },
    "573135339231@s.whatsapp.net": {
      "limit": 15,
      "lastChat": 1723940048332,
      "premium": false,
      "VIP": false,
      "name": "Ls",
      "banned": false
    },
    "34660140165@s.whatsapp.net": {
      "limit": 15,
      "lastChat": 1723940067598,
      "premium": false,
      "VIP": false,
      "name": "Hellen",
      "banned": false
    },
    "573115481629@s.whatsapp.net": {
      "limit": 15,
      "lastChat": 1723940137717,
      "premium": false,
      "VIP": false,
      "name": "Johana",
      "banned": false
    },
    "50361358491@s.whatsapp.net": {
      "limit": 15,
      "lastChat": 1723940347127,
      "premium": false,
      "VIP": false,
      "name": "Jose Dimas",
      "banned": false
    },
    "51952324888@s.whatsapp.net": {
      "limit": 15,
      "lastChat": 1723940419677,
      "premium": false,
      "VIP": false,
      "name": "༺ღ༒ ೯𐒀χʏ 𝙲𝚊𝚝 ༒ღ༻",
      "banned": false
    },
    "573243402920@s.whatsapp.net": {
      "limit": 15,
      "lastChat": 1723940532098,
      "premium": false,
      "VIP": false,
      "name": "~ :3",
      "banned": false
    },
    "18058144881@s.whatsapp.net": {
      "limit": 15,
      "lastChat": 1723940545571,
      "premium": false,
      "VIP": false,
      "name": "Fanny🕷️",
      "banned": false
    },
    "5492235489958@s.whatsapp.net": {
      "limit": 15,
      "lastChat": 1723940687683,
      "premium": false,
      "VIP": false,
      "name": "Nico",
      "banned": false
    },
    "593992621142@s.whatsapp.net": {
      "limit": 15,
      "lastChat": 1723941335550,
      "premium": false,
      "VIP": false,
      "name": "u-u",
      "banned": false
    },
    "5217621223767@s.whatsapp.net": {
      "limit": 15,
      "lastChat": 1723941344294,
      "premium": false,
      "VIP": false,
      "name": "L",
      "banned": false
    },
    "573123167897@s.whatsapp.net": {
      "limit": 15,
      "lastChat": 1723941427417,
      "premium": false,
      "VIP": false,
      "name": "꧁𝐿𝑎 𝑀𝑎𝑙𝑎𝑛𝑑𝑟𝑖𝑡𝑎 𝑂𝑓𝑐꧂",
      "banned": false
    },
    "573245436102@s.whatsapp.net": {
      "limit": 15,
      "lastChat": 1723941759098,
      "premium": false,
      "VIP": false,
      "name": "Alemán...",
      "banned": false
    },
    "573044235539@s.whatsapp.net": {
      "limit": 15,
      "lastChat": 1723941950696,
      "premium": false,
      "VIP": false,
      "name": "the time",
      "banned": false
    },
    "573118421071@s.whatsapp.net": {
      "limit": 15,
      "lastChat": 1723941961784,
      "premium": false,
      "VIP": false,
      "name": "🌹⃤⃢⃟⃞⃤⃙⃙₾𝖑𝖆 𝖒𝖚ñ𝖊𝖈𝖆⃣⃡⃢⃟⃞🌹",
      "banned": false
    },
    "557196948734@s.whatsapp.net": {
      "limit": 15,
      "lastChat": 1723941975634,
      "premium": false,
      "VIP": false,
      "name": "༒𝖊𝖑 𝖆𝖓𝖌𝖊𝖑 𝖉𝖊 𝖑𝖆 𝖒𝖚𝖊𝖗𝖙𝖊༒",
      "banned": false
    },
    "18134491143@s.whatsapp.net": {
      "limit": 15,
      "lastChat": 1723941980459,
      "premium": false,
      "VIP": false,
      "name": "✧ঔৣ͡૨ͦσᷫเɠͨ✧",
      "banned": false
    },
    "573105696671@s.whatsapp.net": {
      "limit": 15,
      "lastChat": 1723942000332,
      "premium": false,
      "VIP": false,
      "name": "Michell",
      "banned": false
    },
    "13124385756@s.whatsapp.net": {
      "limit": 15,
      "lastChat": 1723942034477,
      "premium": false,
      "VIP": false,
      "name": "Krisbeth 🤎➿",
      "banned": false
    },
    "51907943525@s.whatsapp.net": {
      "limit": 15,
      "lastChat": 1723942249072,
      "premium": false,
      "VIP": false,
      "name": "卐⁣El_Dayron☭卐⁣",
      "banned": false
    },
    "51959416374@s.whatsapp.net": {
      "limit": 15,
      "lastChat": 1723942317115,
      "premium": false,
      "VIP": false,
      "name": "Lunático_ofc",
      "banned": false
    },
    "584125332854@s.whatsapp.net": {
      "limit": 15,
      "lastChat": 1723942425448,
      "premium": false,
      "VIP": false,
      "name": "Naty 👸💘",
      "banned": false
    },
    "559584082375@s.whatsapp.net": {
      "limit": 15,
      "lastChat": 1723942459116,
      "premium": false,
      "VIP": false,
      "name": "💀☠️Tu Terro ☠️💀",
      "banned": false
    },
    "573222442441@s.whatsapp.net": {
      "limit": 15,
      "lastChat": 1723942654909,
      "premium": false,
      "VIP": false,
      "name": "El diablo oficial",
      "banned": false
    },
    "573152077239@s.whatsapp.net": {
      "limit": 15,
      "lastChat": 1723942671581,
      "premium": false,
      "VIP": false,
      "name": "❣",
      "banned": false
    },
    "584125576850@s.whatsapp.net": {
      "limit": 15,
      "lastChat": 1723942682108,
      "premium": false,
      "VIP": false,
      "name": "эℓ иэφя๏ ๏ƒ¢",
      "banned": false
    },
    "584162720745@s.whatsapp.net": {
      "limit": 15,
      "lastChat": 1723942773524,
      "premium": false,
      "VIP": false,
      "name": "~ °",
      "banned": false
    },
    "573142674149@s.whatsapp.net": {
      "limit": 15,
      "lastChat": 1723942823446,
      "premium": false,
      "VIP": false,
      "name": "{La nena}",
      "banned": false
    },
    "584242242163@s.whatsapp.net": {
      "limit": 15,
      "lastChat": 1723943041313,
      "premium": false,
      "VIP": false,
      "name": "᠁꙰⃟⃤✌︎꙰ofc Smith✌︎꙰  ⃟⃤꙰᠁",
      "banned": false
    },
    "573202962811@s.whatsapp.net": {
      "limit": 15,
      "lastChat": 1723943159383,
      "premium": false,
      "VIP": false,
      "name": "Figue Martineh",
      "banned": false
    },
    "595983159185@s.whatsapp.net": {
      "limit": 15,
      "lastChat": 1723943209227,
      "premium": false,
      "VIP": false,
      "name": "Ernesto",
      "banned": false
    },
    "584160151435@s.whatsapp.net": {
      "limit": 15,
      "lastChat": 1723943299777,
      "premium": false,
      "VIP": false,
      "name": "☠️👿ℓℓєgσ тυ яєу 👿☠️",
      "banned": false
    },
    "584167953869@s.whatsapp.net": {
      "limit": 15,
      "lastChat": 1723943503603,
      "premium": false,
      "VIP": false,
      "name": "·:*¨༺♱𝔗𝔥𝔲 𝕿𝖔𝖝𝖎𝖈𝖆♱༻¨*:·",
      "banned": false
    },
    "559591732221@s.whatsapp.net": {
      "limit": 15,
      "lastChat": 1723943733654,
      "premium": false,
      "VIP": false,
      "name": "Aurora🌹",
      "banned": false
    },
    "573127716278@s.whatsapp.net": {
      "limit": 15,
      "lastChat": 1723943966048,
      "premium": false,
      "VIP": false,
      "name": ":~|",
      "banned": false
    },
    "573238171513@s.whatsapp.net": {
      "limit": 15,
      "lastChat": 1723944179824,
      "premium": false,
      "VIP": false,
      "name": "Sir PArzivall",
      "banned": false
    },
    "593989651847@s.whatsapp.net": {
      "limit": 15,
      "lastChat": 1723944456868,
      "premium": false,
      "VIP": false,
      "name": "Jimmy 🤧🤧",
      "banned": false
    },
    "593962241251@s.whatsapp.net": {
      "limit": 15,
      "lastChat": 1723944585495,
      "premium": false,
      "VIP": false,
      "name": "Ana Diaz",
      "banned": false
    },
    "51901754810@s.whatsapp.net": {
      "limit": 15,
      "lastChat": 1723944626936,
      "premium": false,
      "VIP": false,
      "name": "José 🍫🥇",
      "banned": false
    },
    "573163305029@s.whatsapp.net": {
      "limit": 15,
      "lastChat": 1723948459833,
      "premium": false,
      "VIP": false,
      "name": "ɐıɔɹɐƃ uáıʇsɐqǝ$",
      "banned": false
    },
    "50379049258@s.whatsapp.net": {
      "limit": 15,
      "lastChat": 1723984868014,
      "premium": false,
      "VIP": false,
      "name": "🧸",
      "banned": false
    },
    "50373837889@s.whatsapp.net": {
      "limit": 15,
      "lastChat": 1723984958885,
      "premium": false,
      "VIP": false,
      "name": "Swx",
      "banned": false
    }
  },
  "groups": {
    "120363303652334451@g.us": {
      "lastChat": 1723900574810,
      "mute": false,
      "welcome": true,
      "leave": true
    },
    "120363288151104112@g.us": {
      "lastChat": 1723901203378,
      "mute": true,
      "welcome": true,
      "leave": true
    },
    "120363193231374053@g.us": {
      "lastChat": 1723934066422,
      "mute": false,
      "welcome": true,
      "leave": true
    },
    "120363270593333720@g.us": {
      "lastChat": 1723934163795,
      "mute": false,
      "welcome": true,
      "leave": true
    },
    "120363322289463273@g.us": {
      "lastChat": 1723939511591,
      "mute": false,
      "welcome": true,
      "leave": true
    },
    "120363314842562891@g.us": {
      "lastChat": 1723939938501,
      "mute": false,
      "welcome": true,
      "leave": true
    },
    "120363303939718578@g.us": {
      "lastChat": 1723940419677,
      "mute": false,
      "welcome": true,
      "leave": true
    },
    "120363305100701088@g.us": {
      "lastChat": 1723941931763,
      "mute": false,
      "welcome": true,
      "leave": true
    },
    "120363319140214688@g.us": {
      "lastChat": 1723981601407,
      "mute": false,
      "welcome": true,
      "leave": true
    },
    "120363152906828277@g.us": {
      "lastChat": 1723985935702,
      "mute": false,
      "welcome": true,
      "leave": true
    },
    "120363046900483728@g.us": {
      "lastChat": 1723999553274,
      "mute": false,
      "welcome": true,
      "leave": true
    },
    "120363310521553572@g.us": {
      "lastChat": 1724000493147,
      "mute": false,
      "welcome": true,
      "leave": true
    },
    "120363022861643029@g.us": {
      "lastChat": 1724005594885,
      "mute": false,
      "welcome": true,
      "leave": true
    },
    "120363296562291794@g.us": {
      "lastChat": 1724011345369,
      "mute": false,
      "welcome": true,
      "leave": true
    }
  }
}